Designator,Val,Package,Mid X,Mid Y,Rotation,Layer
C1,2u2,C_0603_1608Metric_Pad1.08x0.95mm_HandSolder,76.1,-80.5,270,top
C2,100n,C_0603_1608Metric_Pad1.08x0.95mm_HandSolder,67.0375,-91.5,180,top
C3,100n,C_0603_1608Metric_Pad1.08x0.95mm_HandSolder,67,-89.2,0,top
C4,10u,C_1206_3216Metric_Pad1.33x1.80mm_HandSolder,94.905001,-88.475001,0,top
C5,100n,C_0603_1608Metric_Pad1.08x0.95mm_HandSolder,53.1,-90.6625,270,top
C6,100n,C_0603_1608Metric_Pad1.08x0.95mm_HandSolder,51.3,-90.6625,270,top
C7,4u7,C_0603_1608Metric_Pad1.08x0.95mm_HandSolder,60.1,-97.3,270,top
C8,4u7,C_0603_1608Metric_Pad1.08x0.95mm_HandSolder,68.5,-83.1,270,top
C9,22n@50V,C_0402_1005Metric_Pad0.74x0.62mm_HandSolder,64.1,-93.7,270,top
C10,470n,C_0402_1005Metric_Pad0.74x0.62mm_HandSolder,61.5,-96.7325,270,top
C11,10n,C_0603_1608Metric_Pad1.08x0.95mm_HandSolder,77.8,-53.2,270,top
C12,100n,C_0402_1005Metric_Pad0.74x0.62mm_HandSolder,67.2,-65.2,90,top
C13,1u,C_0603_1608Metric_Pad1.08x0.95mm_HandSolder,63,-77.3,180,top
C14,12p,C_0402_1005Metric_Pad0.74x0.62mm_HandSolder,63.2,-70.8325,270,top
C15,100n,C_0402_1005Metric_Pad0.74x0.62mm_HandSolder,64,-68.2,180,top
C16,10n,C_0402_1005Metric_Pad0.74x0.62mm_HandSolder,64,-74.2,180,top
C17,12p,C_0402_1005Metric_Pad0.74x0.62mm_HandSolder,55.9,-72.9325,90,top
C18,100n,C_0402_1005Metric_Pad0.74x0.62mm_HandSolder,68.6,-80,180,top
C19,100n,C_0402_1005Metric_Pad0.74x0.62mm_HandSolder,80.6,-67.2,0,top
C20,100n,C_0402_1005Metric_Pad0.74x0.62mm_HandSolder,77.5,-78.9675,270,top
C21,100n,C_0402_1005Metric_Pad0.74x0.62mm_HandSolder,61,-60.4,90,top
C22,100n,C_0402_1005Metric_Pad0.74x0.62mm_HandSolder,65.6,-64.7,270,top
C23,100n,C_0603_1608Metric_Pad1.08x0.95mm_HandSolder,88.6375,-91.6,180,top
C24,100n,C_0603_1608Metric_Pad1.08x0.95mm_HandSolder,89,-89.1,0,top
C25,1u,C_1206_3216Metric_Pad1.33x1.80mm_HandSolder,91.1,-60,90,top
C26,10u,C_1206_3216Metric_Pad1.33x1.80mm_HandSolder,94.905001,-91,0,top
C27,10u,C_1206_3216Metric_Pad1.33x1.80mm_HandSolder,94.9,-85.9,0,top
C28,100n,C_0603_1608Metric_Pad1.08x0.95mm_HandSolder,73,-90.5,270,top
C29,100n,C_0603_1608Metric_Pad1.08x0.95mm_HandSolder,74.9,-90.5375,270,top
C30,4u7,C_0603_1608Metric_Pad1.08x0.95mm_HandSolder,81.6,-97.1375,270,top
C31,22n@50V,C_0402_1005Metric_Pad0.74x0.62mm_HandSolder,85.8,-93.4,270,top
C32,470n,C_0402_1005Metric_Pad0.74x0.62mm_HandSolder,83,-96.4675,270,top
C33,2u2,C_0603_1608Metric_Pad1.08x0.95mm_HandSolder,81.2,-68.8,0,top
C34,1u,C_0603_1608Metric_Pad1.08x0.95mm_HandSolder,88.5,-69.2,0,top
C35,1u,C_0603_1608Metric_Pad1.08x0.95mm_HandSolder,91.5,-70.1625,90,top
C36,10n,C_0402_1005Metric_Pad0.74x0.62mm_HandSolder,96.1,-81.9,270,top
C37,10u,C_1206_3216Metric_Pad1.33x1.80mm_HandSolder,94.905001,-93.6,0,top
C38,10u,C_1206_3216Metric_Pad1.33x1.80mm_HandSolder,71.5,-103.7,0,top
C39,10u,C_1206_3216Metric_Pad1.33x1.80mm_HandSolder,71.6,-96.1,0,top
C40,10u,C_1206_3216Metric_Pad1.33x1.80mm_HandSolder,94.905001,-96.2,0,top
C41,10u,C_1206_3216Metric_Pad1.33x1.80mm_HandSolder,65.8375,-98.7,180,top
C42,10u,C_1206_3216Metric_Pad1.33x1.80mm_HandSolder,71.5375,-98.7,0,top
C43,10u,C_1206_3216Metric_Pad1.33x1.80mm_HandSolder,71.5375,-101.2,0,top
D3,D_Small,D_SOD-123,91.1,-65.3,90,top
D4,D_Small,D_SOD-123,88.4,-65.3,90,top
D5,LED_Small,LED_0603_1608Metric_Pad1.05x0.95mm_HandSolder,64.2,-57.8,270,top
D6,LED_Small,LED_0603_1608Metric_Pad1.05x0.95mm_HandSolder,66.2,-57.8,270,top
D7,LED_Small,LED_0603_1608Metric_Pad1.05x0.95mm_HandSolder,68.2,-57.8,270,top
F1,500mA,Fuse_1206_3216Metric_Pad1.42x1.75mm_HandSolder,96.7,-63.5,270,top
F2,500mA,Fuse_1206_3216Metric_Pad1.42x1.75mm_HandSolder,88.4,-60,90,top
FB1,1k @ 100 MHz,R_0603_1608Metric_Pad0.98x0.95mm_HandSolder,63,-78.9,180,top
FB2,1k @ 100 MHz,R_0603_1608Metric_Pad0.98x0.95mm_HandSolder,94.1,-62.7,90,top
Q1,NDT2955,SOT-223-3_TabPin2,98.4,-70.7,180,top
R1,10k,R_0402_1005Metric_Pad0.72x0.64mm_HandSolder,56.8,-94.9,180,top
R2,2R2,R_0402_1005Metric_Pad0.72x0.64mm_HandSolder,60.8,-94.9,0,top
R3,1R,R_0603_1608Metric_Pad0.98x0.95mm_HandSolder,52.2,-87.8,0,top
R4,10k,R_0402_1005Metric_Pad0.72x0.64mm_HandSolder,55.4,-56.8,0,top
R5,1R,R_0603_1608Metric_Pad0.98x0.95mm_HandSolder,67.4875,-87.3,180,top
R6,47R,R_0402_1005Metric_Pad0.72x0.64mm_HandSolder,64.6,-71.4025,270,top
R7,0R,R_0402_1005Metric_Pad0.72x0.64mm_HandSolder,58.8,-61.2,180,top
R8,1M,R_0402_1005Metric_Pad0.72x0.64mm_HandSolder,58.8,-59.8,0,top
R10,1M,R_0402_1005Metric_Pad0.72x0.64mm_HandSolder,58.7,-68.2,180,top
R11,0R,R_0402_1005Metric_Pad0.72x0.64mm_HandSolder,56.8,-68.8,270,top
R12,47R9,R_0603_1608Metric_Pad0.98x0.95mm_HandSolder,55.2,-67.0125,270,top
R13,47R9,R_0603_1608Metric_Pad0.98x0.95mm_HandSolder,55.2,-62.5,90,top
R14,10k,R_0402_1005Metric_Pad0.72x0.64mm_HandSolder,78.3025,-94.5,180,top
R15,2R2,R_0402_1005Metric_Pad0.72x0.64mm_HandSolder,82.3,-94.6,0,top
R16,1R,R_0603_1608Metric_Pad0.98x0.95mm_HandSolder,73.4,-87.5,0,top
R17,1R,R_0603_1608Metric_Pad0.98x0.95mm_HandSolder,89.0125,-87.4,180,top
R18,100k,R_0402_1005Metric_Pad0.72x0.64mm_HandSolder,93.3,-81.9,270,top
R19,4k7,R_0402_1005Metric_Pad0.72x0.64mm_HandSolder,94.7,-81.9,90,top
R20,1k,R_0402_1005Metric_Pad0.72x0.64mm_HandSolder,62.6,-57.8,90,top
R21,1k,R_0402_1005Metric_Pad0.72x0.64mm_HandSolder,66.8,-60.6,0,top
R22,5k1,R_0402_1005Metric_Pad0.72x0.64mm_HandSolder,82.2,-58,0,top
R23,5k1,R_0402_1005Metric_Pad0.72x0.64mm_HandSolder,91.2,-52.2,270,top
R24,1k,R_0402_1005Metric_Pad0.72x0.64mm_HandSolder,69.4,-60.6,0,top
R25,2k2,R_0402_1005Metric_Pad0.72x0.64mm_HandSolder,52.9,-76.6,0,top
R26,2k2,R_0402_1005Metric_Pad0.72x0.64mm_HandSolder,56.3975,-76.6,180,top
SW2,BOOT_SW,SW_SPDT_PCM12,55.6,-53.4,180,top
U1,STM32F405RGTx,LQFP-64_10x10mm_P0.5mm,72.2,-72,270,top
U2,TMC2100-TA,TQFP-48-1EP_7x7mm_P0.5mm_EP5x5mm_ThermalVias,59.6,-88.5,270,top
U3,MCP2562-E-SN,SOIC-8_3.9x4.9mm_P1.27mm,60.7,-64.7,180,top
U4,TMC2100-TA,TQFP-48-1EP_7x7mm_P0.5mm_EP5x5mm_ThermalVias,81.2,-88.4,270,top
U6,MCP1700-3302E_SOT23,SOT-23,88.4,-72,0,top
U7,USBLC6-2SC6,SOT-23-6,84.3,-62.2,90,top
Y1,25 MHz,Crystal_SMD_3225-4Pin_3.2x2.5mm_HandSoldering,59.55,-72.65,180,top
